Model,Training Accuracy,Validation Accuracy
MobileNetV2,0.7090847492218018,0.7380627393722534
ResNet50,0.5209254622459412,0.4924965798854828
EfficientNetB0,0.48826131224632263,0.4924965798854828
